Bumps,count,mean,std,min,25%,50%,75%,max
0,14456.0,0.5941984228002214,0.22760684945003615,0.0144,0.4063,0.6223,0.751225,1.0
1,4763.0,0.6771231996640773,0.19279667779340087,0.1,0.5405,0.7,0.8235,1.0
