Z_Scratch,count,mean,std,min,25%,50%,75%,max
0,18069.0,0.6176783496596381,0.22296464964838342,0.0144,0.4583,0.6387,0.7883,1.0
1,1150.0,0.5687305217391305,0.20792055283517652,0.0968,0.4,0.5714,0.726725,1.0
