Other_Faults,count,mean,std,min,25%,50%,75%,max
0,12661.0,0.6113502724903246,0.2245451929713418,0.0144,0.45,0.6364,0.7778,1.0
1,6558.0,0.6213120463555962,0.21803981182503146,0.0704,0.4583,0.6364,0.8,1.0
