Dirtiness,count,mean,std,min,25%,50%,75%,max
0,18734.0,0.6184613536884809,0.22057831879800266,0.0144,0.4615,0.6387,0.7857,1.0
1,485.0,0.4713715463917526,0.2439468067413426,0.0717,0.2778,0.4375,0.6552,1.0
