K_Scatch,count,mean,std,min,25%,50%,75%,max
0,15787.0,0.901565180844999,0.16409257572859925,0.138,0.875,1.0,1.0,1.0
1,3432.0,0.5101305361305362,0.15361857295715403,0.138,0.4236,0.4724,0.528,1.0
