Stains,count,mean,std,min,25%,50%,75%,max
0,18651.0,0.8282626513323683,0.22238728439229066,0.138,0.6429,0.9583,1.0,1.0
1,568.0,0.9433992957746478,0.1210944990771019,0.2727,1.0,1.0,1.0,1.0
