Pastry,count,mean,std,min,25%,50%,75%,max
0,17753.0,0.6212499295893653,0.22131727400500517,0.0704,0.4688,0.64,0.7907,1.0
1,1466.0,0.5360301500682129,0.22034762270323505,0.0144,0.3636,0.5,0.7143,1.0
