Stains,count,mean,std,min,25%,50%,75%,max
0,18651.0,0.34494867835504794,0.3161696228949751,0.0,0.0586,0.2258,0.6441,0.9952
1,568.0,0.6153235915492957,0.29914544463165094,0.0,0.329875,0.732,0.8645,0.9846
