Other_Faults,count,mean,std,min,25%,50%,75%,max
0,12661.0,0.8076506989969197,0.23554036650490157,0.138,0.5385,0.9554,1.0,1.0
1,6558.0,0.878028668801464,0.18074624076849077,0.138,0.8182,0.9778,1.0,1.0
