Z_Scratch,count,mean,std,min,25%,50%,75%,max
0,18069.0,0.8289093867950634,0.22376228133256845,0.138,0.6338,0.9661,1.0,1.0
1,1150.0,0.8749685217391304,0.16432849713291528,0.1509,0.8182,0.9454,1.0,1.0
