K_Scatch,count,mean,std,min,25%,50%,75%,max
0,15787.0,0.40615636916450243,0.31958202298489785,0.0,0.0972,0.3662,0.7118,0.9952
1,3432.0,0.10814423076923076,0.16438305002836387,0.0,0.0574,0.0585,0.0604,0.9952
