Dirtiness,count,mean,std,min,25%,50%,75%,max
0,18734.0,0.8286949882566457,0.22210729440573565,0.138,0.6429,0.96,1.0,1.0
1,485.0,0.9464032989690722,0.12279351255107702,0.2727,0.9583,1.0,1.0,1.0
