Other_Faults,count,mean,std,min,25%,50%,75%,max
0,12661.0,0.33494795039886266,0.31877490104133194,0.0,0.0585,0.1884,0.6426,0.9952
1,6558.0,0.38767392497712716,0.31650781785740706,0.0,0.074625,0.3348,0.6754,0.9952
