Z_Scratch,count,mean,std,min,25%,50%,75%,max
0,18069.0,0.3596195030162156,0.32132543145109005,0.0,0.0591,0.2482,0.6621,0.9952
1,1150.0,0.24797982608695654,0.25778086917325554,0.0,0.0499,0.15625,0.342525,0.9846
