Pastry,count,mean,std,min,25%,50%,75%,max
0,17753.0,0.818854695544415,0.224621175496982,0.138,0.6,0.9444,1.0,1.0
1,1466.0,0.9868008867667121,0.0529716135511891,0.2857,1.0,1.0,1.0,1.0
