Bumps,count,mean,std,min,25%,50%,75%,max
0,14456.0,0.8054544625069175,0.23284460693884806,0.138,0.5429,0.9412,1.0,1.0
1,4763.0,0.911217258030653,0.1548614973323736,0.138,0.8929,1.0,1.0,1.0
