Bumps,count,mean,std,min,25%,50%,75%,max
0,14456.0,0.3176677573325954,0.3153033103679691,0.0,0.0575,0.1581,0.614725,0.9952
1,4763.0,0.4599908671005668,0.30593993865324237,0.0,0.1532,0.4468,0.7355,0.9952
