Stains,count,mean,std,min,25%,50%,75%,max
0,18651.0,0.6064293925258699,0.21902356266389436,0.0144,0.4444,0.6316,0.7703,1.0
1,568.0,0.88795,0.1462680562121395,0.3636,0.8,1.0,1.0,1.0
