Dirtiness,count,mean,std,min,25%,50%,75%,max
0,18734.0,0.34957991352620904,0.31681707463672626,0.0,0.0586,0.2344,0.6483,0.9952
1,485.0,0.48270412371134014,0.37117820844033445,0.0,0.0722,0.4589,0.9048,0.9952
