K_Scatch,count,mean,std,min,25%,50%,75%,max
0,15787.0,0.630940641033762,0.22124238460227794,0.0144,0.4688,0.6471,0.8,1.0
1,3432.0,0.5402710664335665,0.21227919841870363,0.0714,0.2652,0.6228,0.6809,1.0
