Pastry,count,mean,std,min,25%,50%,75%,max
0,17753.0,0.354710860136315,0.3184771432614557,0.0,0.0593,0.2441,0.6561,0.9952
1,1466.0,0.3314868349249659,0.32429952225331715,0.0,0.0455,0.176,0.65,0.9952
