Z_Scratch,count,mean,std,min,25%,50%,75%,max
0,18069.0,0.40645098068515134,0.12367922578420866,0.05185,0.3155,0.4111,0.4907,0.7602499999999999
1,1150.0,0.45125865217391303,0.11200318162835625,0.1169,0.3654,0.44599999999999995,0.5347,0.7602499999999999
