Dirtiness,count,mean,std,min,25%,50%,75%,max
0,18734.0,0.40936071420945874,0.12384800669870985,0.05185,0.3175,0.4139,0.495,0.7602499999999999
1,485.0,0.4003022680412371,0.10747843938605496,0.15,0.3231,0.4022,0.4667,0.6904
