Stains,count,mean,std,min,25%,50%,75%,max
0,18651.0,0.4105478376494558,0.12337509764107979,0.05185,0.3191,0.4148,0.4952,0.7602499999999999
1,568.0,0.36264524647887325,0.117427273955935,0.0682,0.2571,0.36055,0.4333,0.7208
