Bumps,count,mean,std,min,25%,50%,75%,max
0,14456.0,0.41861638074156066,0.11975245243184396,0.05185,0.3333,0.4237,0.4975,0.7602499999999999
1,4763.0,0.3803468024354399,0.12995465154284813,0.05185,0.2778,0.3571,0.4667,0.7602499999999999
