Other_Faults,count,mean,std,min,25%,50%,75%,max
0,12661.0,0.408641613616618,0.12022226037061673,0.05185,0.3214,0.4167,0.4882,0.7602499999999999
1,6558.0,0.41007910186032326,0.12950664729707867,0.05185,0.3131,0.40900000000000003,0.5120750000000001,0.7602499999999999
