Pastry,count,mean,std,min,25%,50%,75%,max
0,17753.0,0.4138813366754915,0.12424409624725533,0.05185,0.3222,0.4188,0.5,0.7602499999999999
1,1466.0,0.3516199522510232,0.09664265283698359,0.05185,0.2778,0.3391,0.4165,0.7074
