K_Scatch,count,mean,std,min,25%,50%,75%,max
0,15787.0,0.3973847957179958,0.1273135443709245,0.05185,0.3,0.3902,0.49125,0.7602499999999999
1,3432.0,0.4631691287878788,0.08517560403537361,0.0714,0.4233,0.4563,0.5019,0.7602499999999999
