Stains,count,mean,std,min,25%,50%,75%,max
0,18651.0,1462.155273175701,146.5846585041808,1227.0,1358.0,1364.0,1654.0,1794.0
1,568.0,1367.2605633802816,52.059819015658,1322.0,1358.0,1358.0,1360.0,1712.0
