K_Scatch,count,mean,std,min,25%,50%,75%,max
0,15787.0,1477.852980300247,153.67744915494552,1227.0,1358.0,1364.0,1687.0,1794.0
1,3432.0,1374.2415501165501,34.802104291503625,1227.0,1358.0,1358.0,1400.0,1698.0
