Bumps,count,mean,std,min,25%,50%,75%,max
0,14456.0,1443.9894161593802,137.50289940798226,1227.0,1358.0,1362.0,1623.0,1794.0
1,4763.0,1505.9733361326894,158.85480786515407,1280.0,1360.0,1372.0,1688.0,1715.0
