Z_Scratch,count,mean,std,min,25%,50%,75%,max
0,18069.0,1465.5281974652721,147.61429962059586,1227.0,1358.0,1364.0,1656.0,1794.0
1,1150.0,1362.2895652173913,41.81652675877842,1346.0,1354.0,1356.0,1358.0,1710.0
