Other_Faults,count,mean,std,min,25%,50%,75%,max
0,12661.0,1447.8928204723165,139.75278148731928,1227.0,1358.0,1362.0,1627.0,1715.0
1,6558.0,1481.471637694419,153.80012352640688,1227.0,1358.0,1366.0,1687.0,1794.0
