Dirtiness,count,mean,std,min,25%,50%,75%,max
0,18734.0,1460.5833244368528,146.06665553948213,1227.0,1358.0,1364.0,1652.0,1794.0
1,485.0,1411.740206185567,115.25146120494418,1320.0,1358.0,1364.0,1372.0,1710.0
