Pastry,count,mean,std,min,25%,50%,75%,max
0,17753.0,1452.713569537543,142.4133047674276,1227.0,1358.0,1362.0,1650.0,1794.0
1,1466.0,1539.7257844474761,158.7996521805406,1227.0,1362.0,1648.0,1688.0,1715.0
