Pastry,count,mean,std,min,25%,50%,75%,max
0,17753.0,1.3853539852419308,0.410269058483926,0.1365999999999998,1.0792,1.301,1.7243,2.6502
1,1466.0,1.4412306275579811,0.3283980047317955,0.301,1.2305,1.415,1.6128,2.6502
