Bumps,count,mean,std,min,25%,50%,75%,max
0,14456.0,1.4435763420033203,0.4286520454919007,0.1365999999999998,1.1139,1.3979,1.8129,2.6502
1,4763.0,1.2258437539365945,0.2610069768127163,0.301,1.0414,1.1761,1.3617,2.6502
