Stains,count,mean,std,min,25%,50%,75%,max
0,18651.0,1.4103672778939464,0.39178946677194154,0.1365999999999998,1.1139,1.3424,1.7243,2.6502
1,568.0,0.7082276408450704,0.16664597615506657,0.1365999999999998,0.6021,0.65055,0.7782,1.3424
