Z_Scratch,count,mean,std,min,25%,50%,75%,max
0,18069.0,1.2927158116110467,0.4260055655858874,0.3529,1.0,1.1461,1.4472,2.0785
1,1150.0,1.203034956521739,0.24575981112621645,0.6021,1.0414,1.1461,1.3222,2.0785
