Dirtiness,count,mean,std,min,25%,50%,75%,max
0,18734.0,1.2930589836660615,0.4202839575758576,0.3529,1.0,1.1461,1.4472,2.0785
1,485.0,1.0668148453608246,0.22229512971838877,0.6021,0.9031,1.0414,1.1461,2.0785
