Z_Scratch,count,mean,std,min,25%,50%,75%,max
0,18069.0,1.3911377275997565,0.40955625026810055,0.1365999999999998,1.0792,1.3222,1.7243,2.6502
1,1150.0,1.3657093913043479,0.3216734472766317,0.4771,1.1461,1.301,1.5315,2.6464
