Dirtiness,count,mean,std,min,25%,50%,75%,max
0,18734.0,1.3863147752749012,0.4049960478140575,0.1365999999999998,1.0792,1.3222,1.7076,2.6502
1,485.0,1.5171389690721648,0.3790449224709403,0.4771,1.2553,1.4624,1.7853,2.5011
