Bumps,count,mean,std,min,25%,50%,75%,max
0,14456.0,1.3370027116768122,0.45496018478863154,0.3529,1.0,1.1461,1.6532,2.0785
1,4763.0,1.1366493806424525,0.2155511738303007,0.3529,1.0,1.0792,1.2553,2.0785
