K_Scatch,count,mean,std,min,25%,50%,75%,max
0,15787.0,1.1383815354405524,0.2649634495096513,0.3529,0.9542,1.0792,1.2553,2.0785
1,3432.0,1.9725940850815846,0.2891982661642571,0.7782,2.0785,2.0785,2.0785,2.0785
