Other_Faults,count,mean,std,min,25%,50%,75%,max
0,12661.0,1.4312999210172974,0.42417315763770497,0.1365999999999998,1.1139,1.3617,1.8062,2.6502
1,6558.0,1.3091407593778588,0.35102768816870744,0.1365999999999998,1.0792,1.2787,1.4771,2.6502
