Pastry,count,mean,std,min,25%,50%,75%,max
0,17753.0,1.30910552019377,0.425128174902239,0.3529,1.0,1.1461,1.4914,2.0785
1,1466.0,1.0238894270122783,0.1621900578254379,0.6021,0.9031,1.0,1.1139,2.0785
