Stains,count,mean,std,min,25%,50%,75%,max
0,18651.0,1.300529033295802,0.4159340412591907,0.3529,1.0,1.1461,1.4472,2.0785
1,568.0,0.85458661971831,0.19244548809382805,0.3529,0.699,0.7782,0.9031,1.6233
