K_Scatch,count,mean,std,min,25%,50%,75%,max
0,15787.0,1.2863246975359472,0.34624370795312076,0.1365999999999998,1.0792,1.2553,1.4624,2.6502
1,3432.0,1.8647509906759905,0.3027765474196054,0.301,1.7993,1.8261,2.1703,2.6502
