Other_Faults,count,mean,std,min,25%,50%,75%,max
0,12661.0,1.3458500355422163,0.45801829796713145,0.3529,1.0,1.1461,1.8325,2.0785
1,6558.0,1.1744075785300396,0.2959436644620158,0.4771,0.9542,1.1139,1.301,2.0785
