Other_Faults,count,mean,std,min,25%,50%,75%,max
0,12661.0,2.577785806808309,0.8289906719766441,0.7782,1.9956,2.2787,3.3345,4.113150000000001
1,6558.0,2.2661567779810916,0.5331372948667713,0.7782,1.9294,2.1461,2.4456,4.113150000000001
