K_Scatch,count,mean,std,min,25%,50%,75%,max
0,15787.0,2.2086405175144104,0.4951332795106774,0.7782,1.8976,2.1367,2.4116,4.113150000000001
1,3432.0,3.6803596736596735,0.5418590978074135,1.2041,3.763975,3.8082,3.9785,4.113150000000001
