Pastry,count,mean,std,min,25%,50%,75%,max
0,17753.0,2.486281541147975,0.7755677789532704,0.7782,1.9445,2.2279,2.8482,4.113150000000001
1,1466.0,2.2918458731241476,0.41674744222250265,1.0792,2.0253,2.2279,2.4955,4.113150000000001
