Bumps,count,mean,std,min,25%,50%,75%,max
0,14456.0,2.5787429441062533,0.8193100032265468,0.7782,2.0086,2.2923,3.2292,4.113150000000001
1,4763.0,2.1458102561410874,0.35757741138180105,0.9031,1.8808,2.0828,2.316,4.113150000000001
