Stains,count,mean,std,min,25%,50%,75%,max
0,18651.0,2.506022022947831,0.7389358041251263,0.7782,2.0043,2.2355,2.8306,4.113150000000001
1,568.0,1.3362420774647887,0.28451536697772617,0.7782,1.2041,1.2305,1.5051,2.3117
