Z_Scratch,count,mean,std,min,25%,50%,75%,max
0,18069.0,2.480953085394875,0.7704034986157612,0.7782,1.9445,2.2279,2.8306,4.113150000000001
1,1150.0,2.322139956521739,0.4498724685464168,1.2305,2.0334,2.2095,2.54655,4.113150000000001
