Dirtiness,count,mean,std,min,25%,50%,75%,max
0,18734.0,2.473497750080069,0.7621260458404813,0.7782,1.9445,2.2253,2.8162,4.113150000000001
1,485.0,2.392361649484536,0.45373166990884084,1.2553,2.0453,2.2878,2.8122,3.8343
