Dirtiness,count,mean,std,min,25%,50%,75%,max
0,18734.0,-0.140715399807836,0.09438357002023362,-0.35525,-0.1928,-0.1436,-0.0843,0.07875
1,485.0,-0.10923463917525775,0.07528539286094596,-0.35525,-0.1453,-0.1043,-0.0701,0.07875
