Z_Scratch,count,mean,std,min,25%,50%,75%,max
0,18069.0,-0.138819345287509,0.0938856779545256,-0.35525,-0.1923,-0.1425,-0.084,0.07875
1,1150.0,-0.1572298695652174,0.09542613361610874,-0.35525,-0.2267,-0.14905000000000002,-0.089975,0.07875
