Other_Faults,count,mean,std,min,25%,50%,75%,max
0,12661.0,-0.14285772450833267,0.09016680270035983,-0.35525,-0.1923,-0.1487,-0.09,0.07875
1,6558.0,-0.13425121225983533,0.10096659105847021,-0.35525,-0.20325000000000001,-0.126,-0.0666,0.07875
