Bumps,count,mean,std,min,25%,50%,75%,max
0,14456.0,-0.13699836745987823,0.09500401552309107,-0.35525,-0.1913,-0.1415,-0.0809,0.07875
1,4763.0,-0.14879124501364688,0.09064209692735423,-0.35525,-0.2094,-0.1447,-0.0935,0.07875
