Stains,count,mean,std,min,25%,50%,75%,max
0,18651.0,-0.1434328856361589,0.09284098403434887,-0.35525,-0.1933,-0.1453,-0.0889,0.07875
1,568.0,-0.02460272887323944,0.05235223318733033,-0.25,-0.048825,-0.0068,0.0046,0.07875
