K_Scatch,count,mean,std,min,25%,50%,75%,max
0,15787.0,-0.13901223475011085,0.09885602417682768,-0.35525,-0.2063,-0.1339,-0.0759,0.07875
1,3432.0,-0.14410109265734267,0.06774952043526189,-0.35525,-0.1891,-0.1827,-0.0973,0.07875
