Pastry,count,mean,std,min,25%,50%,75%,max
0,17753.0,-0.13693121162620403,0.0933599575434969,-0.35525,-0.1913,-0.1393,-0.0809,0.07875
1,1466.0,-0.17612639836289223,0.09521642139533154,-0.35525,-0.240625,-0.1705,-0.11612499999999999,0.07875
