K_Scatch,count,mean,std,min,25%,50%,75%,max
0,15787.0,127.90435168176347,10.497954803259407,107.5,124.0,127.0,134.0,151.5
1,3432.0,131.2913752913753,8.483780618258029,107.5,124.0,127.0,141.0,151.5
