Pastry,count,mean,std,min,25%,50%,75%,max
0,17753.0,128.77454514729905,10.209579583077124,107.5,124.0,127.0,135.0,151.5
1,1466.0,125.29570259208731,10.193907131803265,107.5,119.0,126.0,132.0,151.5
