Other_Faults,count,mean,std,min,25%,50%,75%,max
0,12661.0,128.61661796066662,9.912536398420235,107.5,124.0,127.0,135.0,151.5
1,6558.0,128.30176883196097,10.869158196034777,107.5,124.0,127.0,134.0,151.5
