Dirtiness,count,mean,std,min,25%,50%,75%,max
0,18734.0,128.4588982598484,10.297120305099943,107.5,124.0,127.0,135.0,151.5
1,485.0,130.45154639175257,7.985538496749649,107.5,126.0,132.0,134.0,151.5
