Stains,count,mean,std,min,25%,50%,75%,max
0,18651.0,128.2244115597019,10.206677820932462,107.5,124.0,127.0,134.0,151.5
1,568.0,137.86003521126761,6.633398845665136,109.0,134.0,140.0,141.0,151.5
