Bumps,count,mean,std,min,25%,50%,75%,max
0,14456.0,128.96350996126176,10.357674701230195,107.5,124.0,127.0,135.0,151.5
1,4763.0,127.13027503674155,9.787976089152393,107.5,124.0,127.0,133.0,151.5
