Z_Scratch,count,mean,std,min,25%,50%,75%,max
0,18069.0,128.727267696054,10.228989262969192,107.5,124.0,127.0,135.0,151.5
1,1150.0,125.08260869565217,9.967621741422624,107.5,118.0,126.0,133.0,151.5
