Z_Scratch,count,mean,std,min,25%,50%,75%,max
0,18069.0,84.22948143228734,28.77821810204172,17.5,67.0,90.0,105.0,157.5
1,1150.0,91.78782608695653,19.034066147861417,17.5,82.25,95.0,105.0,157.5
