Other_Faults,count,mean,std,min,25%,50%,75%,max
0,12661.0,80.38373746149593,29.849237901183724,17.5,48.0,87.0,104.0,157.5
1,6558.0,92.97956694114059,23.026030326341886,17.5,82.0,96.0,108.0,157.5
