K_Scatch,count,mean,std,min,25%,50%,75%,max
0,15787.0,92.58329638310002,21.411883054076853,17.5,82.0,95.0,107.0,157.5
1,3432.0,48.33508158508158,27.972999098613222,17.5,36.0,40.0,44.0,157.5
