Bumps,count,mean,std,min,25%,50%,75%,max
0,14456.0,82.42791920309907,30.65805246074105,17.5,50.0,89.0,106.0,157.5
1,4763.0,91.52225488137728,18.09323084212144,17.5,81.0,92.0,104.0,157.5
