Stains,count,mean,std,min,25%,50%,75%,max
0,18651.0,83.83869497614069,28.313469794206398,17.5,67.0,89.0,104.0,157.5
1,568.0,112.3644366197183,8.642779618904408,74.0,109.0,113.0,118.0,157.0
