Pastry,count,mean,std,min,25%,50%,75%,max
0,17753.0,84.71480876471583,28.82066679752369,17.5,68.0,91.0,106.0,157.5
1,1466.0,84.28137789904503,21.79791112540732,17.5,75.0,87.0,97.0,157.5
