Dirtiness,count,mean,std,min,25%,50%,75%,max
0,18734.0,84.31835166008327,28.475248317778647,17.5,68.0,90.0,105.0,157.5
1,485.0,98.71855670103093,17.849828864013446,17.5,92.0,101.0,110.0,136.0
