K_Scatch,count,mean,std,min,25%,50%,75%,max
0,15787.0,0.19698462659149935,0.4521757432917162,-0.9884,-0.125,0.25,0.5862,0.9739
1,3432.0,-0.3307666608391608,0.4032148293480282,-0.9604,-0.6185,-0.6012,0.0088,0.9917
