Dirtiness,count,mean,std,min,25%,50%,75%,max
0,18734.0,0.09121674068538485,0.48417270486748387,-0.9884,-0.2857,0.1,0.5,0.9917
1,485.0,0.547939587628866,0.40806677053480556,-0.9388,0.4286,0.7,0.8214,0.9706
