Z_Scratch,count,mean,std,min,25%,50%,75%,max
0,18069.0,0.094249942996292,0.49008163033000773,-0.9809,-0.2857,0.1,0.5243,0.9917
1,1150.0,0.23617643478260866,0.4268103614895409,-0.9884,-0.0851,0.3158,0.6071,0.9706
