Other_Faults,count,mean,std,min,25%,50%,75%,max
0,12661.0,0.06619541268462206,0.49291313578497925,-0.9884,-0.3889,0.0828,0.5,0.9917
1,6558.0,0.17330054894784996,0.46947137538960393,-0.9706,-0.1667,0.2222,0.580175,0.9739
