Pastry,count,mean,std,min,25%,50%,75%,max
0,17753.0,0.06612401396946996,0.4836390642105093,-0.9884,-0.3333,0.0769,0.48,0.9917
1,1466.0,0.5461838335607094,0.26932919421763724,-0.9063,0.4091,0.625,0.7333,0.9607
