Stains,count,mean,std,min,25%,50%,75%,max
0,18651.0,0.11287750361910891,0.48884301082939596,-0.9884,-0.2609,0.1333,0.5385,0.9917
1,568.0,-0.23005845070422537,0.2942471843563705,-0.9474,-0.4286,-0.2,-0.1111,0.7222
