Bumps,count,mean,std,min,25%,50%,75%,max
0,14456.0,0.09317841173215274,0.5128689293232502,-0.9884,-0.3929,0.1,0.5652,0.9917
1,4763.0,0.13176947302120512,0.40032564870988335,-0.9706,-0.125,0.1429,0.4545,0.9739
