Pastry,count,mean,std,min,25%,50%,75%,max
0,17753.0,0.01583443643327886,0.012254624474957312,0.0015,0.0066,0.0098,0.0218,0.0378499999999999
1,1466.0,0.007561869031377898,0.0037629288823949046,0.0015,0.0053,0.0066,0.0088,0.0378499999999999
