Dirtiness,count,mean,std,min,25%,50%,75%,max
0,18734.0,0.5839222803458952,0.4832980143053722,0.0,0.0,1.0,1.0,1.0
1,485.0,0.9,0.29771859806932394,0.0,1.0,1.0,1.0,1.0
