Bumps,count,mean,std,min,25%,50%,75%,max
0,14456.0,0.5783204205866077,0.48643769087687616,0.0,0.0,1.0,1.0,1.0
1,4763.0,0.6331093848414865,0.46611529821791925,0.0,0.0,1.0,1.0,1.0
