Dirtiness,count,mean,std,min,25%,50%,75%,max
0,18734.0,0.015356149247357724,0.012109776293444017,0.0015,0.0066,0.0095,0.0197,0.0378499999999999
1,485.0,0.00930381443298969,0.005546322667388092,0.0022,0.0059,0.0081,0.0096,0.0378499999999999
