K_Scatch,count,mean,std,min,25%,50%,75%,max
0,15787.0,0.6644834357382657,0.4605751546750191,0.0,0.0,1.0,1.0,1.0
1,3432.0,0.25801282051282054,0.43568578874003394,0.0,0.0,0.0,1.0,1.0
