Stains,count,mean,std,min,25%,50%,75%,max
0,18651.0,0.6050184976676855,0.4798396888583336,0.0,0.0,1.0,1.0,1.0
1,568.0,0.16109154929577466,0.3333601133142929,0.0,0.0,0.0,0.0,1.0
