Other_Faults,count,mean,std,min,25%,50%,75%,max
0,12661.0,0.016925803649000842,0.013125106514117886,0.0015,0.0066,0.0101,0.0378499999999999,0.0378499999999999
1,6558.0,0.011878141201585844,0.008630001376124201,0.0022,0.0065,0.0088,0.0139,0.0378499999999999
