K_Scatch,count,mean,std,min,25%,50%,75%,max
0,15787.0,0.010889409007411158,0.007576249773807751,0.0015,0.006,0.0083,0.0126,0.0378499999999999
1,3432.0,0.03504759615384606,0.008150619824125025,0.0044,0.0378499999999999,0.0378499999999999,0.0378499999999999,0.0378499999999999
