Z_Scratch,count,mean,std,min,25%,50%,75%,max
0,18069.0,0.015353923847473555,0.012232197097285175,0.0015,0.0066,0.0095,0.0199,0.0378499999999999
1,1150.0,0.012838608695652171,0.007751797611444806,0.0029,0.0074,0.0103,0.015375,0.0378499999999999
