Z_Scratch,count,mean,std,min,25%,50%,75%,max
0,18069.0,0.5850462117438707,0.4832310611817897,0.0,0.0,1.0,1.0,1.0
1,1150.0,0.6995652173913044,0.44978457526942917,0.0,0.0,1.0,1.0,1.0
