Bumps,count,mean,std,min,25%,50%,75%,max
0,14456.0,0.016754129773104566,0.013001826185365151,0.0015,0.0066,0.0102,0.031,0.0378499999999999
1,4763.0,0.010496903212261178,0.006407159425116711,0.0015,0.0065,0.0087,0.0125,0.0378499999999999
