Stains,count,mean,std,min,25%,50%,75%,max
0,18651.0,0.01548873250764032,0.012077349159277126,0.0015,0.0066,0.0096,0.0199,0.0378499999999999
1,568.0,0.00583468309859155,0.003668836958223651,0.0022,0.0037,0.0044,0.0059,0.0272
