Other_Faults,count,mean,std,min,25%,50%,75%,max
0,12661.0,0.5648842903404154,0.48666641418483475,0.0,0.0,1.0,1.0,1.0
1,6558.0,0.6440530649588289,0.46866149576288557,0.0,0.0,1.0,1.0,1.0
