Pastry,count,mean,std,min,25%,50%,75%,max
0,17753.0,0.5609023826958824,0.48647736501204586,0.0,0.0,1.0,1.0,1.0
1,1466.0,0.9672578444747613,0.1671450220183694,0.0,1.0,1.0,1.0,1.0
