Dirtiness,count,mean,std,min,25%,50%,75%,max
0,18734.0,462.8999145937867,551.1322847065082,6.0,88.0,168.0,652.0,1499.0
1,485.0,393.919587628866,380.3088291164982,18.0,111.0,194.0,659.0,1499.0
