Other_Faults,count,mean,std,min,25%,50%,75%,max
0,12661.0,546.6725377142405,598.7216203712288,6.0,99.0,190.0,1499.0,1499.0
1,6558.0,296.0654162854529,381.1986391121361,6.0,85.0,140.0,279.0,1499.0
