Pastry,count,mean,std,min,25%,50%,75%,max
0,17753.0,474.8806962203571,559.4821117782728,6.0,88.0,168.0,695.0,1499.0
1,1466.0,294.99386084583904,332.3164893727706,12.0,106.0,169.0,313.0,1499.0
