Stains,count,mean,std,min,25%,50%,75%,max
0,18651.0,474.34915017961504,550.5137470108601,6.0,101.0,172.0,677.0,1499.0
1,568.0,28.049295774647888,25.86856684909203,6.0,16.0,17.0,32.0,212.0
