K_Scatch,count,mean,std,min,25%,50%,75%,max
0,15787.0,264.7842528662824,339.9555989711594,6.0,79.0,137.0,257.0,1499.0
1,3432.0,1364.4723193473194,392.5626376439979,16.0,1499.0,1499.0,1499.0,1499.0
