Bumps,count,mean,std,min,25%,50%,75%,max
0,14456.0,546.8144023242944,592.1541516046631,6.0,102.0,196.0,1499.0,1499.0
1,4763.0,201.19021625026244,236.2483280448904,8.0,76.0,121.0,207.0,1499.0
