Z_Scratch,count,mean,std,min,25%,50%,75%,max
0,18069.0,469.8879296031878,555.6023060770383,6.0,88.0,169.0,673.0,1499.0
1,1150.0,324.01130434782607,375.31771612291504,17.0,108.0,162.0,348.5,1499.0
