Dirtiness,count,mean,std,min,25%,50%,75%,max
0,18734.0,0.5708976777516814,0.3322963642366365,0.119,0.2532,0.4729,0.9994,1.0
1,485.0,0.6107032989690722,0.32718517432010796,0.1292,0.3068,0.4913,0.998,1.0
