Bumps,count,mean,std,min,25%,50%,75%,max
0,14456.0,0.614218089028777,0.3397527149450682,0.119,0.2712,0.5708,1.0,1.0
1,4763.0,0.44347081671215616,0.2703529779930039,0.1284,0.2288,0.3329,0.6015,1.0
