Pastry,count,mean,std,min,25%,50%,75%,max
0,17753.0,0.5759402917816708,0.3349054456623873,0.119,0.2532,0.4729,0.9998,1.0
1,1466.0,0.5230014972714871,0.2934864386721525,0.1361,0.2712,0.417,0.7955,1.0
