Z_Scratch,count,mean,std,min,25%,50%,75%,max
0,18069.0,0.5719868169240134,0.33416225216438095,0.119,0.2482,0.4729,0.9997,1.0
1,1150.0,0.5705725217391304,0.3001607356051609,0.14,0.2901,0.4913,0.9155,1.0
