K_Scatch,count,mean,std,min,25%,50%,75%,max
0,15787.0,0.48946682048520934,0.2991295702125159,0.119,0.23,0.3822,0.7512,1.0
1,3432.0,0.9511000874125874,0.17725121137890196,0.1353,1.0,1.0,1.0,1.0
