Other_Faults,count,mean,std,min,25%,50%,75%,max
0,12661.0,0.6028162305505095,0.3420282606210861,0.119,0.2583,0.5362,1.0,1.0
1,6558.0,0.5122189539493748,0.30365738425813393,0.119,0.2432,0.4089,0.8173,1.0
