Stains,count,mean,std,min,25%,50%,75%,max
0,18651.0,0.5844376009329258,0.32911947013308074,0.119,0.266,0.4913,0.9997,1.0
1,568.0,0.1602860915492958,0.055536640591497204,0.119,0.1322,0.14,0.1687,0.6015
