Z_Scratch,count,mean,std,min,25%,50%,75%,max
0,18069.0,0.5741427782389729,0.26011478638735563,0.0083,0.3758,0.5454,0.8182,1.0
1,1150.0,0.5804535652173913,0.24855876372715635,0.0294,0.375,0.5714,0.81735,1.0
