K_Scatch,count,mean,std,min,25%,50%,75%,max
0,15787.0,0.5806873110787357,0.2595839867316794,0.0261,0.3636,0.5714,0.8125,1.0
1,3432.0,0.5461529370629371,0.2568909751569858,0.0083,0.3785,0.3943,0.8824,1.0
