Bumps,count,mean,std,min,25%,50%,75%,max
0,14456.0,0.548420071942446,0.2602371043932369,0.0083,0.3636,0.5,0.8,1.0
1,4763.0,0.6537364896073903,0.24023467719211522,0.0261,0.4737,0.7,0.8571,1.0
