Dirtiness,count,mean,std,min,25%,50%,75%,max
0,18734.0,0.5800173572114871,0.25750246523813775,0.0083,0.3778,0.55,0.8182,1.0
1,485.0,0.3621902886597938,0.2445050449054457,0.0294,0.1636,0.2857,0.5333,1.0
