Other_Faults,count,mean,std,min,25%,50%,75%,max
0,12661.0,0.5758801018876866,0.25972681869011016,0.0083,0.3771,0.5385,0.821,1.0
1,6558.0,0.5718953171698689,0.2588728387857971,0.0261,0.3611,0.5625,0.8,1.0
