Pastry,count,mean,std,min,25%,50%,75%,max
0,17753.0,0.5857371013349856,0.2580949716142217,0.0083,0.3815,0.5652,0.8235,1.0
1,1466.0,0.43868806275579814,0.2361657860466735,0.0393,0.2667,0.375,0.5833,1.0
