Stains,count,mean,std,min,25%,50%,75%,max
0,18651.0,0.5709874355262453,0.26001369629198984,0.0083,0.375,0.5385,0.8182,1.0
1,568.0,0.6905295774647888,0.20895138807966984,0.0526,0.560775,0.75,0.8333,1.0
