Bumps,count,mean,std,min,25%,50%,75%,max
0,14456.0,67.30070558937466,33.54459680182834,40.0,40.0,50.0,80.0,140.0
1,4763.0,72.14150745328574,28.37273886653959,40.0,40.0,70.0,80.0,140.0
