Stains,count,mean,std,min,25%,50%,75%,max
0,18651.0,69.01678194198702,32.709421577066784,40.0,40.0,70.0,80.0,140.0
1,568.0,51.54401408450704,10.349185625833902,40.0,50.0,50.0,50.0,140.0
