Pastry,count,mean,std,min,25%,50%,75%,max
0,17753.0,67.5239677800935,32.013405937829965,40.0,40.0,60.0,80.0,140.0
1,1466.0,80.32469304229195,34.73536666000071,40.0,50.0,70.0,100.0,140.0
