Dirtiness,count,mean,std,min,25%,50%,75%,max
0,18734.0,68.30506031813815,32.3463460638504,40.0,40.0,69.0,80.0,140.0
1,485.0,76.04536082474227,33.843435160065916,40.0,40.0,70.0,100.0,140.0
