Other_Faults,count,mean,std,min,25%,50%,75%,max
0,12661.0,63.890687939341284,29.169557580189938,40.0,40.0,50.0,70.0,140.0
1,6558.0,77.39996950289722,36.262791793076495,40.0,40.0,70.0,100.0,140.0
