K_Scatch,count,mean,std,min,25%,50%,75%,max
0,15787.0,74.5194780515614,32.58512690488206,40.0,40.0,70.0,90.0,140.0
1,3432.0,40.81293706293706,7.97898554429453,40.0,40.0,40.0,40.0,140.0
