Z_Scratch,count,mean,std,min,25%,50%,75%,max
0,18069.0,68.3034478941834,33.02508019379057,40.0,40.0,60.0,80.0,140.0
1,1150.0,71.59478260869565,20.118906078772916,40.0,70.0,70.0,70.0,140.0
