Bumps,count,mean,std,min,25%,50%,75%,max
0,14456.0,57528.27109850581,61353.440153464275,250.0,10888.0,21380.0,155173.0,155173.0
1,4763.0,22384.726642872138,26900.80744758068,255.0,8292.0,13352.0,22952.0,155173.0
