Other_Faults,count,mean,std,min,25%,50%,75%,max
0,12661.0,57487.32659347603,61991.79159798755,250.0,10318.0,20528.0,155173.0,155173.0
1,6558.0,32082.967063129003,40664.34754801061,255.0,9247.0,15719.0,30229.0,155173.0
