Stains,count,mean,std,min,25%,50%,75%,max
0,18651.0,50189.917859632194,57231.864632619145,255.0,10613.0,18695.0,71608.0,155173.0
1,568.0,3793.9823943661972,3893.3330999999803,250.0,2023.75,2198.0,4417.25,36875.0
