Pastry,count,mean,std,min,25%,50%,75%,max
0,17753.0,50319.58300005633,58132.49859964083,250.0,9693.0,18402.0,76438.0,155173.0
1,1466.0,30643.644611186905,34737.464330290226,1732.0,11137.5,17564.0,31515.0,155173.0
