Z_Scratch,count,mean,std,min,25%,50%,75%,max
0,18069.0,49764.35353367646,57751.59164872633,250.0,9693.0,18361.0,71852.0,155173.0
1,1150.0,33960.900869565216,39045.28999184371,764.0,11403.25,17664.0,37371.25,155173.0
