Dirtiness,count,mean,std,min,25%,50%,75%,max
0,18734.0,48992.49898580122,57274.106264924085,250.0,9704.0,18196.0,67978.0,155173.0
1,485.0,42106.5237113402,40915.01826485709,1540.0,12847.0,20714.0,67597.0,155173.0
