K_Scatch,count,mean,std,min,25%,50%,75%,max
0,15787.0,28689.130360423133,36436.034047964306,250.0,8586.0,14912.0,27206.0,155173.0
1,3432.0,141413.706002331,40050.27769077557,764.0,155173.0,155173.0,155173.0,155173.0
