Pastry,count,mean,std,min,25%,50%,75%,max
0,17753.0,0.5952796710415141,0.4908516637593318,0.0,0.0,1.0,1.0,1.0
1,1466.0,0.6091405184174625,0.48810948042701907,0.0,0.0,1.0,1.0,1.0
