TypeOfSteel_A300,count,percentage
0,11480,59.73255632447058
1,7739,40.26744367552942
