Pastry,count,mean,std,min,25%,50%,75%,max
0,17753.0,0.40370641581704503,0.4906537539166436,0.0,0.0,0.0,1.0,1.0
1,1466.0,0.39017735334242837,0.48795635252696573,0.0,0.0,0.0,1.0,1.0
