Stains,count,mean,std,min,25%,50%,75%,max
0,18651.0,0.5859203259878827,0.4925755846303828,0.0,0.0,1.0,1.0,1.0
1,568.0,0.9383802816901409,0.24067552585650454,0.0,1.0,1.0,1.0,1.0
