K_Scatch,count,mean,std,min,25%,50%,75%,max
0,15787.0,0.5113067713941851,0.4998879730895341,0.0,0.0,1.0,1.0,1.0
1,3432.0,0.9874708624708625,0.11124641222899329,0.0,1.0,1.0,1.0,1.0
