Z_Scratch,count,mean,std,min,25%,50%,75%,max
0,18069.0,0.37915767336321876,0.48519084955619163,0.0,0.0,0.0,1.0,1.0
1,1150.0,0.7721739130434783,0.4196122844874406,0.0,1.0,1.0,1.0,1.0
