K_Scatch,count,mean,std,min,25%,50%,75%,max
0,15787.0,0.4884398555773738,0.49988217753069175,0.0,0.0,0.0,1.0,1.0
1,3432.0,0.008158508158508158,0.0899683576804944,0.0,0.0,0.0,0.0,1.0
