Z_Scratch,count,mean,std,min,25%,50%,75%,max
0,18069.0,0.6197908019259505,0.48545154874446245,0.0,0.0,1.0,1.0,1.0
1,1150.0,0.22782608695652173,0.4196122844874406,0.0,0.0,0.0,0.0,1.0
