Stains,count,mean,std,min,25%,50%,75%,max
0,18651.0,0.4131145783067932,0.4924062586388509,0.0,0.0,0.0,1.0,1.0
1,568.0,0.05985915492957746,0.23743480951548568,0.0,0.0,0.0,0.0,1.0
