Other_Faults,count,mean,std,min,25%,50%,75%,max
0,12661.0,0.37982781770792196,0.48536301170497864,0.0,0.0,0.0,1.0,1.0
1,6558.0,0.4467825556572126,0.49719774626440355,0.0,0.0,0.0,1.0,1.0
