Bumps,count,mean,std,min,25%,50%,75%,max
0,14456.0,0.6652600996126176,0.4719157818463874,0.0,0.0,1.0,1.0,1.0
1,4763.0,0.38715095528028554,0.4871497898787463,0.0,0.0,0.0,1.0,1.0
