Other_Faults,count,mean,std,min,25%,50%,75%,max
0,12661.0,0.6189084590474686,0.485674179630946,0.0,0.0,1.0,1.0,1.0
1,6558.0,0.5527599878011589,0.4972465046168119,0.0,0.0,1.0,1.0,1.0
