Bumps,count,mean,std,min,25%,50%,75%,max
0,14456.0,0.33342556723851685,0.47145342702913173,0.0,0.0,0.0,1.0,1.0
1,4763.0,0.6128490447197145,0.4871497898787463,0.0,0.0,1.0,1.0,1.0
