Dirtiness,count,mean,std,min,25%,50%,75%,max
0,18734.0,0.5899967972670012,0.4918470184453833,0.0,0.0,1.0,1.0,1.0
1,485.0,0.8412371134020619,0.3658321707178665,0.0,1.0,1.0,1.0,1.0
