Dirtiness,count,mean,std,min,25%,50%,75%,max
0,18734.0,0.40898900395003734,0.49166035214385456,0.0,0.0,0.0,1.0,1.0
1,485.0,0.15876288659793814,0.3658321707178665,0.0,0.0,0.0,0.0,1.0
