TypeOfSteel_A400,count,percentage
1,11461,59.63369582184297
0,7758,40.36630417815703
