Dirtiness,count,mean,std,min,25%,50%,75%,max
0,18734.0,751.3626027543504,501.6414511481634,4.0,214.0,796.0,1163.0,1713.0
1,485.0,871.7814432989691,402.36982606510725,4.0,627.0,790.0,1276.0,1713.0
