Stains,count,mean,std,min,25%,50%,75%,max
0,18651.0,751.2050828373814,504.3725376734443,4.0,214.0,788.0,1167.0,1713.0
1,568.0,859.3573943661971,292.2079073352535,8.0,644.25,824.5,1094.5,1696.0
