Z_Scratch,count,mean,std,min,25%,50%,75%,max
0,18069.0,770.3427417123249,494.16734836174834,4.0,216.0,806.0,1170.0,1713.0
1,1150.0,503.92869565217393,519.6707317242619,4.0,58.0,194.0,1078.0,1688.0
