Other_Faults,count,mean,std,min,25%,50%,75%,max
0,12661.0,699.3337809019824,497.028421334922,4.0,212.0,647.0,1128.0,1713.0
1,6558.0,860.7160719731626,487.6476743324409,4.0,517.0,935.0,1232.0,1713.0
