Pastry,count,mean,std,min,25%,50%,75%,max
0,17753.0,738.8160310933364,493.07942019649647,4.0,214.0,774.0,1150.0,1713.0
1,1466.0,943.137789904502,539.7105065035644,4.0,570.25,1063.0,1340.0,1713.0
