K_Scatch,count,mean,std,min,25%,50%,75%,max
0,15787.0,856.939697219231,481.167226199703,4.0,528.0,927.0,1222.0,1713.0
1,3432.0,282.73135198135196,250.29771390542112,9.0,194.0,212.0,216.0,1711.0
