Bumps,count,mean,std,min,25%,50%,75%,max
0,14456.0,700.8999723298284,509.89609574693964,4.0,212.0,646.0,1147.0,1713.0
1,4763.0,916.7816502204493,428.43228544070297,6.0,622.0,985.0,1214.0,1713.0
