Bumps,count,mean,std,min,25%,50%,75%,max
0,14456.0,646.598505810736,546.5607135622411,0.0,41.0,623.0,1129.0,1705.0
1,4763.0,899.6468612219189,430.7271885615087,0.0,609.0,974.0,1200.5,1705.0
