Stains,count,mean,std,min,25%,50%,75%,max
0,18651.0,705.0136721891588,536.6296095844567,0.0,43.0,767.0,1152.0,1705.0
1,568.0,850.4154929577464,293.02163557147804,0.0,631.25,817.0,1083.5,1695.0
