Pastry,count,mean,std,min,25%,50%,75%,max
0,17753.0,691.0450628062863,526.773583835772,0.0,43.0,754.0,1134.0,1705.0
1,1466.0,930.5068212824011,540.0934253854277,0.0,556.25,1050.5,1330.75,1705.0
