Dirtiness,count,mean,std,min,25%,50%,75%,max
0,18734.0,705.4972242980676,533.9663501221893,0.0,43.5,776.0,1151.0,1705.0
1,485.0,856.6206185567011,404.1402930091243,0.0,617.0,779.0,1260.0,1705.0
