Other_Faults,count,mean,std,min,25%,50%,75%,max
0,12661.0,644.2974488586999,536.4125123420637,0.0,41.0,623.0,1108.0,1705.0
1,6558.0,834.8270814272644,498.8018320327381,0.0,483.0,919.0,1219.0,1689.0
