K_Scatch,count,mean,std,min,25%,50%,75%,max
0,15787.0,836.1277633495914,487.61316906095243,0.0,508.0,902.0,1207.0,1705.0
1,3432.0,125.96066433566433,273.06101336197787,0.0,39.0,41.0,41.0,1673.0
