Z_Scratch,count,mean,std,min,25%,50%,75%,max
0,18069.0,723.7852675853673,529.0017881816591,0.0,52.0,788.0,1155.0,1705.0
1,1150.0,481.88695652173914,520.7076152990427,0.0,41.0,171.5,1051.0,1677.0
