Stains,count,mean,std,min,25%,50%,75%,max
0,18651.0,49.564929494397084,47.77403518743422,2.0,15.0,25.0,67.0,137.5
1,568.0,9.43661971830986,6.769018319675112,2.0,6.0,7.0,10.0,53.0
