Pastry,count,mean,std,min,25%,50%,75%,max
0,17753.0,50.02255956739706,48.55932349755946,2.0,15.0,25.0,70.0,137.5
1,1466.0,28.475443383356073,26.015256956508708,4.0,13.0,19.0,32.0,137.5
