K_Scatch,count,mean,std,min,25%,50%,75%,max
0,15787.0,31.365933996326092,29.990334288272997,2.0,14.0,20.0,35.0,137.5
1,3432.0,126.6379662004662,32.80663663746362,7.0,137.5,137.5,137.5,137.5
