Z_Scratch,count,mean,std,min,25%,50%,75%,max
0,18069.0,48.989955171841274,48.288452582414116,2.0,15.0,25.0,67.0,137.5
1,1150.0,38.77913043478261,32.80268965084053,7.0,18.0,26.0,44.0,137.5
