Bumps,count,mean,std,min,25%,50%,75%,max
0,14456.0,55.633058937465414,51.290822592979836,2.0,15.0,28.0,137.5,137.5
1,4763.0,26.362376653369726,22.3683419390843,2.0,13.0,19.0,30.0,137.5
