Dirtiness,count,mean,std,min,25%,50%,75%,max
0,18734.0,48.65800149460873,47.90255327583382,2.0,15.0,25.0,66.0,137.5
1,485.0,37.601030927835055,30.014116839893752,7.0,16.0,25.0,55.0,137.5
