Other_Faults,count,mean,std,min,25%,50%,75%,max
0,12661.0,55.47670010267751,51.99049587052784,2.0,15.0,27.0,137.5,137.5
1,6558.0,34.67596828301311,33.5718721742069,3.0,14.0,22.0,38.0,137.5
