Bumps,count,mean,std,min,25%,50%,75%,max
0,14456.0,1660428.492978694,1310624.071593824,6724.0,677417.0,1399304.0,2286298.0,4933878.0
1,4763.0,1826564.132269578,1468172.1179581466,6724.0,644592.5,1430075.0,2637334.0,4933878.0
