Stains,count,mean,std,min,25%,50%,75%,max
0,18651.0,1713824.2669830036,1359548.9279597676,6724.0,665079.0,1424367.0,2382651.0,4933878.0
1,568.0,1300251.5017605633,1051527.523805664,7458.0,679391.0,1104271.5,1621131.25,4933878.0
