Dirtiness,count,mean,std,min,25%,50%,75%,max
0,18734.0,1703659.0694726165,1355637.428734464,6724.0,665079.0,1410896.0,2377320.0,4933878.0
1,485.0,1622124.224742268,1256070.8106888374,19123.0,718425.0,1378588.0,2158152.0,4933878.0
