Z_Scratch,count,mean,std,min,25%,50%,75%,max
0,18069.0,1708933.8807349603,1354656.8193722663,6724.0,677200.0,1413720.0,2377320.0,4933878.0
1,1150.0,1586393.8830434782,1326127.2556797734,6724.0,605769.0,1248687.0,2219070.75,4933878.0
