Other_Faults,count,mean,std,min,25%,50%,75%,max
0,12661.0,1732376.2896690625,1328248.8512152554,6724.0,718480.0,1488636.0,2375805.0,4933878.0
1,6558.0,1642187.1078072584,1398429.2156005288,6724.0,595245.0,1211795.0,2369561.0,4933878.0
