K_Scatch,count,mean,std,min,25%,50%,75%,max
0,15787.0,1672087.220687908,1400534.428069162,6724.0,614919.0,1264403.0,2401760.0,4933878.0
1,3432.0,1837365.4730477855,1100089.234793458,7020.0,1210376.75,1704704.0,2300643.0,4933878.0
