Pastry,count,mean,std,min,25%,50%,75%,max
0,17753.0,1709378.8763025966,1352274.711159936,6724.0,677417.0,1423996.0,2377320.0,4933878.0
1,1466.0,1607418.8714188267,1361880.5640359602,7020.0,533745.0,1230788.5,2287031.5,4933878.0
