Dirtiness,count,mean,std,min,25%,50%,75%,max
0,18734.0,1674105.8977260597,1348277.2732455789,6712.0,639490.0,1378585.0,2350467.0,4920024.5
1,485.0,1588114.7020618557,1244643.1021423028,19000.0,679386.0,1335585.0,2134924.0,4920024.5
