Z_Scratch,count,mean,std,min,25%,50%,75%,max
0,18069.0,1678545.9201671372,1347378.5327656874,6712.0,640704.0,1388373.0,2344077.0,4920024.5
1,1150.0,1568077.6408695653,1316934.1061354494,6712.0,589740.0,1225778.0,2164079.5,4920024.5
