Other_Faults,count,mean,std,min,25%,50%,75%,max
0,12661.0,1703238.225574599,1322490.658688839,6712.0,695578.0,1465348.0,2344077.0,4920024.5
1,6558.0,1611502.9497560232,1387795.6263097562,6712.0,573049.0,1194800.0,2315017.0,4920024.5
