Bumps,count,mean,std,min,25%,50%,75%,max
0,14456.0,1629047.809352518,1302969.5357154957,6712.0,640704.0,1375984.5,2265307.0,4920024.5
1,4763.0,1802103.797291623,1460606.7267688042,6712.0,634279.0,1398904.0,2632520.0,4920024.5
