Pastry,count,mean,std,min,25%,50%,75%,max
0,17753.0,1679545.5786627613,1344772.7421969795,6712.0,645933.0,1398169.0,2339660.0,4920024.5
1,1466.0,1579783.6701909958,1355221.0107791913,7003.0,508242.0,1208076.5,2277118.0,4920024.5
