Stains,count,mean,std,min,25%,50%,75%,max
0,18651.0,1683798.5192482977,1352327.6101217864,6712.0,639490.0,1398598.0,2368336.0,4920024.5
1,568.0,1282410.8028169014,1038374.811395226,7430.0,670854.0,1084661.0,1594620.0,4920024.5
