K_Scatch,count,mean,std,min,25%,50%,75%,max
0,15787.0,1644605.507917907,1391065.4469158747,6712.0,589740.0,1246188.0,2375780.0,4920024.5
1,3432.0,1797653.9525058274,1105634.7671817269,7003.0,1083706.0,1693992.0,2290146.0,4920024.5
