Dirtiness,count,mean,std,min,25%,50%,75%,max
0,18734.0,45.41269883634035,44.99178229974208,1.0,13.0,23.0,61.0,131.5
1,485.0,47.134020618556704,37.575304243166364,3.0,20.0,30.0,62.0,131.5
