Bumps,count,mean,std,min,25%,50%,75%,max
0,14456.0,52.72115384615385,48.16286395787696,1.0,15.0,28.0,107.0,131.5
1,4763.0,23.406361536846525,20.47215273586997,3.0,12.0,17.0,26.0,131.5
