Other_Faults,count,mean,std,min,25%,50%,75%,max
0,12661.0,52.220677671589925,48.85795086052566,1.0,14.0,26.0,110.0,131.5
1,6558.0,32.396386093321134,31.933970271087983,2.0,13.0,21.0,35.0,131.5
