K_Scatch,count,mean,std,min,25%,50%,75%,max
0,15787.0,29.945619813770826,29.39623350995464,1.0,12.0,20.0,32.0,131.5
1,3432.0,116.80361305361305,32.81906864084332,3.0,124.0,131.5,131.5,131.5
