Pastry,count,mean,std,min,25%,50%,75%,max
0,17753.0,46.231341181772095,45.72014701717513,1.0,13.0,23.0,67.0,131.5
1,1466.0,36.06855388813097,30.443820136909455,3.0,17.0,26.0,42.0,131.5
