Stains,count,mean,std,min,25%,50%,75%,max
0,18651.0,46.654683394992226,44.955368536318524,1.0,14.0,24.0,64.0,131.5
1,568.0,6.100352112676056,3.5894416817321844,2.0,4.0,5.0,7.0,35.0
