Z_Scratch,count,mean,std,min,25%,50%,75%,max
0,18069.0,46.13686424262549,45.50766030070406,1.0,13.0,24.0,63.0,131.5
1,1150.0,34.7604347826087,30.192733807085528,4.0,15.0,23.0,40.75,131.5
